timestamp,agent_name,status
2026-02-28T20:17:04Z,Time Tracking Agent,working
2026-02-28T20:17:04Z,Python Agent,idle
2026-02-28T20:17:04Z,Kubernetes Agent,idle
2026-02-28T20:17:04Z,UI Agent,idle
2026-02-28T20:17:04Z,Documentation Agent,idle
2026-02-28T20:17:04Z,Testing Agent,idle
2026-02-28T20:17:04Z,Terraform Agent,idle
2026-02-28T20:17:04Z,Research Agent,idle
2026-02-28T20:17:04Z,Terraform Deploy Agent,idle
2026-02-28T20:17:04Z,GitOps Agent,idle
2026-02-28T20:17:58Z,Time Tracking Agent,completed
2026-02-28T20:17:58Z,Research Agent,working
2026-02-28T20:17:58Z,GitOps Agent,working
2026-02-28T20:19:23Z,GitOps Agent,completed
2026-02-28T20:20:39Z,Research Agent,completed
2026-02-28T20:20:39Z,Python Agent,working
2026-02-28T20:20:39Z,UI Agent,working
2026-02-28T20:20:39Z,Terraform Agent,working
2026-02-28T20:20:39Z,Kubernetes Agent,working
2026-02-28T20:20:39Z,Documentation Agent,working
2026-02-28T20:25:44Z,Python Agent,completed
2026-02-28T20:25:44Z,UI Agent,completed
2026-02-28T20:25:44Z,Kubernetes Agent,completed
2026-02-28T20:25:44Z,Documentation Agent,completed
2026-02-28T20:25:44Z,Terraform Agent,completed
2026-02-28T20:37:54Z,Terraform Agent,working
2026-02-28T20:37:54Z,Kubernetes Agent,working
2026-02-28T20:37:54Z,Time Tracking Agent,working
2026-02-28T20:39:35Z,Terraform Agent,completed
2026-02-28T20:39:35Z,Kubernetes Agent,completed
2026-02-28T20:39:35Z,GitOps Agent,working
2026-02-28T20:39:51Z,Testing Agent,working
2026-02-28T20:39:51Z,Documentation Agent,working
2026-02-28T20:43:27Z,Testing Agent,completed
2026-02-28T20:43:27Z,Documentation Agent,completed
2026-02-28T20:43:27Z,GitOps Agent,completed
2026-02-28T21:14:26Z,GitOps Agent,working
2026-02-28T21:14:26Z,Terraform Deploy Agent,working
